Product,Price,Discount,Rating,Reviews,Description
CA Pro Classic Sneakers,$80.00,No discount,4.1,73,"Old school meets new school in CA Pro Classic. The latest addition to the California family is taking West Coast street style to the next level. The CA Pro stands out with a sleek, archive-inspired silhouette and fresh material mix ready to hit the pavement."
Basket Classic XXI Men's Sneakers,$75.00,No discount,4.0,60,"A true classic from the PUMA Archives- the Basket Classic is updated for the 21st century in this fresh iteration. The signature court-inspired style features a clean leather upper, classic PUMA Formstrip and gold metallic PUMA Basket callout at the side to celebrate a new era of style."
Suede Classic XXI Sneakers,$75.00,No discount,4.3,596,"The Suede hit the scene in 1968 and has been changing the game ever since. It’s been worn by icons of every generation, and it’s stayed classic through it all. Instantly recognizable and constantly reinvented, Suede’s legacy continues to grow and be legitimized by the authentic and expressive individuals that embrace the iconic shoe. Be apart of the history of Suede."
Basket Classic XXI Men's Sneakers,$75.00,No discount,4.0,60,"A true classic from the PUMA Archives- the Basket Classic is updated for the 21st century in this fresh iteration. The signature court-inspired style features a clean leather upper, classic PUMA Formstrip and gold metallic PUMA Basket callout at the side to celebrate a new era of style."
Basket Classic XXI Men's Sneakers,$75.00,No discount,4.0,60,"A true classic from the PUMA Archives- the Basket Classic is updated for the 21st century in this fresh iteration. The signature court-inspired style features a clean leather upper, classic PUMA Formstrip and gold metallic PUMA Basket callout at the side to celebrate a new era of style."
Suede Classic XXI Sneakers,$75.00,No discount,4.3,596,"The Suede hit the scene in 1968 and has been changing the game ever since. It’s been worn by icons of every generation, and it’s stayed classic through it all. Instantly recognizable and constantly reinvented, Suede’s legacy continues to grow and be legitimized by the authentic and expressive individuals that embrace the iconic shoe. Be apart of the history of Suede."
Basket Classic XXI Men's Sneakers,$75.00,No discount,4.0,60,"A true classic from the PUMA Archives- the Basket Classic is updated for the 21st century in this fresh iteration. The signature court-inspired style features a clean leather upper, classic PUMA Formstrip and gold metallic PUMA Basket callout at the side to celebrate a new era of style."
CA Pro Classic Sneakers,$80.00,No discount,4.1,73,"Old school meets new school in CA Pro Classic. The latest addition to the California family is taking West Coast street style to the next level. The CA Pro stands out with a sleek, archive-inspired silhouette and fresh material mix ready to hit the pavement."
CA Pro Classic Sneakers,$80.00,No discount,4.1,73,"Old school meets new school in CA Pro Classic. The latest addition to the California family is taking West Coast street style to the next level. The CA Pro stands out with a sleek, archive-inspired silhouette and fresh material mix ready to hit the pavement."
Roma Classic Gum Sneakers,$70.00,No discount,4.1,42,"From the 1968 PUMA archives, the Roma was originally designed for sprints, hurdles, and often paired with sweatbands and tube socks. We’ve re-issued the Roma in all its glory (minus the tube socks) as a lightweight training shoe fully equipped with a thick, padded tongue and arch supports. This version features an all-over leather upper, monochromatic tones and contrast gum outsole for a premium look and feel."
Basket Classic XXI Men's Sneakers,$75.00,No discount,4.0,60,"A true classic from the PUMA Archives- the Basket Classic is updated for the 21st century in this fresh iteration. The signature court-inspired style features a clean leather upper, classic PUMA Formstrip and gold metallic PUMA Basket callout at the side to celebrate a new era of style."
Basket Classic XXI Men's Sneakers,$75.00,No discount,4.0,60,"A true classic from the PUMA Archives- the Basket Classic is updated for the 21st century in this fresh iteration. The signature court-inspired style features a clean leather upper, classic PUMA Formstrip and gold metallic PUMA Basket callout at the side to celebrate a new era of style."
CA Pro Classic Sneakers,$80.00,No discount,4.1,73,"Old school meets new school in CA Pro Classic. The latest addition to the California family is taking West Coast street style to the next level. The CA Pro stands out with a sleek, archive-inspired silhouette and fresh material mix ready to hit the pavement."
Classics Men's Logo Tee,$30.00,No discount,4.0,1,This Classics tee reimagines our Archive No. 1 Logo in bold block colors for a fresh feel that'll brighten up your casual look.
Classics Logo Men's Tee,$30.00,No discount,1.3,6,"State your brand loyalty loud and proud in this classic pure cotton tee, featuring an unmissable PUMA Archive No. 1 Logo across the chest. Made with cotton from the Better Cotton Initiative as a step towards a more sustainable future."
Classics Logo Men's Tee,$30.00,No discount,1.3,6,"State your brand loyalty loud and proud in this classic pure cotton tee, featuring an unmissable PUMA Archive No. 1 Logo across the chest. Made with cotton from the Better Cotton Initiative as a step towards a more sustainable future."
CA Pro Classic Sneakers,$80.00,No discount,4.1,73,"Old school meets new school in CA Pro Classic. The latest addition to the California family is taking West Coast street style to the next level. The CA Pro stands out with a sleek, archive-inspired silhouette and fresh material mix ready to hit the pavement."
Classics Men's Logo Tee,$30.00,No discount,4.0,1,This Classics tee reimagines our Archive No. 1 Logo in bold block colors for a fresh feel that'll brighten up your casual look.
Basket Classic XXI Men's Sneakers,$75.00,No discount,4.0,60,"A true classic from the PUMA Archives- the Basket Classic is updated for the 21st century in this fresh iteration. The signature court-inspired style features a clean leather upper, classic PUMA Formstrip and gold metallic PUMA Basket callout at the side to celebrate a new era of style."
Classics Logo Men's Tee,$30.00,No discount,1.3,6,"State your brand loyalty loud and proud in this classic pure cotton tee, featuring an unmissable PUMA Archive No. 1 Logo across the chest. Made with cotton from the Better Cotton Initiative as a step towards a more sustainable future."
Classics Logo Men's Tee,$30.00,No discount,1.3,6,"State your brand loyalty loud and proud in this classic pure cotton tee, featuring an unmissable PUMA Archive No. 1 Logo across the chest. Made with cotton from the Better Cotton Initiative as a step towards a more sustainable future."
Suede Classic XXI Sneakers,59.99,20% off,4.3,596,"The Suede hit the scene in 1968 and has been changing the game ever since. It’s been worn by icons of every generation, and it’s stayed classic through it all. Instantly recognizable and constantly reinvented, Suede’s legacy continues to grow and be legitimized by the authentic and expressive individuals that embrace the iconic shoe. Be apart of the history of Suede."
Suede Classic XXI Sneakers,59.99,20% off,4.3,596,"The Suede hit the scene in 1968 and has been changing the game ever since. It’s been worn by icons of every generation, and it’s stayed classic through it all. Instantly recognizable and constantly reinvented, Suede’s legacy continues to grow and be legitimized by the authentic and expressive individuals that embrace the iconic shoe. Be apart of the history of Suede."
Suede Classic XXI Sneakers,59.99,20% off,4.3,596,"The Suede hit the scene in 1968 and has been changing the game ever since. It’s been worn by icons of every generation, and it’s stayed classic through it all. Instantly recognizable and constantly reinvented, Suede’s legacy continues to grow and be legitimized by the authentic and expressive individuals that embrace the iconic shoe. Be apart of the history of Suede."
